<?xml version="1.0" encoding="UTF-8"?>
<messages>
  <message id="first-name-info">Enter first name</message>
  <message id="last-name-info">Enter last name</message>
  
  
  
  
  <!-- Emails -->

  <message id="Wt.Auth.confirmmail.subject">Email confirmation</message>

  <message id="Wt.Auth.confirmmail.body">
Hello {1},

Thank you for creating an account

Please click here to confirm your registration or copy and paste the
following URL into your browser: (Note: be sure to copy the entire
URL, including any part of it which goes onto a second line.)

{3}


  </message>
<message id="my-first-name-info">Enter your first name</message>
  <message id="Wt.Auth.confirmmail.htmlbody">
    <h3>Hello {1},</h3>

    <p>Thank you for joining!</p>

    <p>Please <a href="{3}">click here to confirm</a> your
    registration or copy and paste the following URL into your
    browser: <i>(Note: be sure to copy the entire URL, including any
    part of it which goes onto a second line.)</i></p>
    
    <b>{3}</b>
  </message>

  <message id="Wt.Auth.lostpasswordmail.subject">Lost password instructions</message>

  <message id="Wt.Auth.lostpasswordmail.body">
Hello {1},

This mail has been sent to you, because someone (presumably you?)
indicated that he wishes to choose a new password, because the current
password escapes his mind.

If you requested this, then choose a new password by clicking on the
following link or copying the URL into your browser. If you didn't
request this, you can safely ignore and discard this email.
 
Please copy and paste the following URL into your browser: (Note: be
sure to copy the entire URL, including any part of it which goes onto
a second line.)
 
{3} 

Your truly,

Hue Light
  </message>
<messages><message id="favourite-pet-info">Could be a dog, cat ?</message></messages>
  <message id="Wt.Auth.lostpasswordmail.htmlbody">
    <h3>Hello {1},</h3>

    <p>This mail has been sent to you, because someone (presumably
    you?) indicated that he wishes to choose a new password, because
    the current password escapes his mind.</p>

    <p>If you requested this, then choose a new password by clicking
    on the following link or copying the URL into your browser. If you
    didn't request this, you can safely ignore and discard this
    email.</p>
 
    <p>Please <a href="{3}">click here to choose a new password</a> or
    copy and paste the following URL into your browser: <i>(Note: be
    sure to copy the entire URL, including any part of it which goes
    onto a second line.)</i></p>
    
    <b>{3}</b>

    <p>Yours truly,</p>

    <p>Hue Light.</p>
  </message> 
</messages>
